<?xml version="1.0" encoding="UTF-8" standalone="yes"?>
<ns2:ExportManifest xmlns:ns2="http://www.pentaho.com/schema/">
    <ExportManifestInformation exportDate="14-07-2015 11:53:48 ICT" exportBy="admin" rootFolder="/home/admin/" manifestVersion="2"/>
    <ExportManifestEntity path="1.KPI Setup">
        <ExportManifestProperty>
            <EntityMetaData name="1.KPI Setup" createdDate="2015-07-14T11:42:09.534+07:00" isFolder="true" path="1.KPI Setup" isHidden="false" locale="th_TH" title="1.KPI Setup"/>
        </ExportManifestProperty>
        <ExportManifestProperty>
            <EntityAcl>
                <entriesInheriting>true</entriesInheriting>
                <owner>admin</owner>
                <ownerType>USER</ownerType>
            </EntityAcl>
        </ExportManifestProperty>
    </ExportManifestEntity>
    <ExportManifestEntity path="1.KPI Setup/1-.xaction">
        <ExportManifestProperty>
            <EntityMetaData name="1-.xaction" createdDate="2015-07-14T11:42:15.736+07:00" isFolder="false" path="1.KPI Setup/1-.xaction" isHidden="false" locale="th_TH" title="1-"/>
        </ExportManifestProperty>
        <ExportManifestProperty>
            <EntityAcl>
                <entriesInheriting>true</entriesInheriting>
                <owner>admin</owner>
                <ownerType>USER</ownerType>
            </EntityAcl>
        </ExportManifestProperty>
    </ExportManifestEntity>
    <ExportManifestEntity path="1.KPI Setup/2-.xaction">
        <ExportManifestProperty>
            <EntityMetaData name="2-.xaction" createdDate="2015-07-14T11:42:31.818+07:00" isFolder="false" path="1.KPI Setup/2-.xaction" isHidden="false" locale="th_TH" title="2-"/>
        </ExportManifestProperty>
        <ExportManifestProperty>
            <EntityAcl>
                <entriesInheriting>true</entriesInheriting>
                <owner>admin</owner>
                <ownerType>USER</ownerType>
            </EntityAcl>
        </ExportManifestProperty>
    </ExportManifestEntity>
    <ExportManifestEntity path="1.KPI Setup/3-.xaction">
        <ExportManifestProperty>
            <EntityMetaData name="3-.xaction" createdDate="2015-07-14T11:42:32.027+07:00" isFolder="false" path="1.KPI Setup/3-.xaction" isHidden="false" locale="th_TH" title="3-"/>
        </ExportManifestProperty>
        <ExportManifestProperty>
            <EntityAcl>
                <entriesInheriting>true</entriesInheriting>
                <owner>admin</owner>
                <ownerType>USER</ownerType>
            </EntityAcl>
        </ExportManifestProperty>
    </ExportManifestEntity>
</ns2:ExportManifest>
