<?xml version="1.0" encoding="UTF-8" standalone="yes"?>
<ns2:ExportManifest xmlns:ns2="http://www.pentaho.com/schema/">
    <ExportManifestInformation exportDate="14-07-2015 11:54:00 ICT" exportBy="admin" rootFolder="/home/admin/" manifestVersion="2"/>
    <ExportManifestEntity path="3.Data Setup">
        <ExportManifestProperty>
            <EntityMetaData name="3.Data Setup" createdDate="2015-07-14T11:43:21.165+07:00" isFolder="true" path="3.Data Setup" isHidden="false" locale="th_TH" title="3.Data Setup"/>
        </ExportManifestProperty>
        <ExportManifestProperty>
            <EntityAcl>
                <entriesInheriting>true</entriesInheriting>
                <owner>admin</owner>
                <ownerType>USER</ownerType>
            </EntityAcl>
        </ExportManifestProperty>
    </ExportManifestEntity>
    <ExportManifestEntity path="3.Data Setup/1-.xaction">
        <ExportManifestProperty>
            <EntityMetaData name="1-.xaction" createdDate="2015-07-14T11:43:54.724+07:00" isFolder="false" path="3.Data Setup/1-.xaction" isHidden="false" locale="th_TH" title="1-"/>
        </ExportManifestProperty>
        <ExportManifestProperty>
            <EntityAcl>
                <entriesInheriting>true</entriesInheriting>
                <owner>admin</owner>
                <ownerType>USER</ownerType>
            </EntityAcl>
        </ExportManifestProperty>
    </ExportManifestEntity>
    <ExportManifestEntity path="3.Data Setup/2-.xaction">
        <ExportManifestProperty>
            <EntityMetaData name="2-.xaction" createdDate="2015-07-14T11:43:54.887+07:00" isFolder="false" path="3.Data Setup/2-.xaction" isHidden="false" locale="th_TH" title="2-"/>
        </ExportManifestProperty>
        <ExportManifestProperty>
            <EntityAcl>
                <entriesInheriting>true</entriesInheriting>
                <owner>admin</owner>
                <ownerType>USER</ownerType>
            </EntityAcl>
        </ExportManifestProperty>
    </ExportManifestEntity>
    <ExportManifestEntity path="3.Data Setup/3-.xaction">
        <ExportManifestProperty>
            <EntityMetaData name="3-.xaction" createdDate="2015-07-14T11:43:55.037+07:00" isFolder="false" path="3.Data Setup/3-.xaction" isHidden="false" locale="th_TH" title="3-"/>
        </ExportManifestProperty>
        <ExportManifestProperty>
            <EntityAcl>
                <entriesInheriting>true</entriesInheriting>
                <owner>admin</owner>
                <ownerType>USER</ownerType>
            </EntityAcl>
        </ExportManifestProperty>
    </ExportManifestEntity>
    <ExportManifestEntity path="3.Data Setup/4-.xaction">
        <ExportManifestProperty>
            <EntityMetaData name="4-.xaction" createdDate="2015-07-14T11:43:55.230+07:00" isFolder="false" path="3.Data Setup/4-.xaction" isHidden="false" locale="th_TH" title="4-"/>
        </ExportManifestProperty>
        <ExportManifestProperty>
            <EntityAcl>
                <entriesInheriting>true</entriesInheriting>
                <owner>admin</owner>
                <ownerType>USER</ownerType>
            </EntityAcl>
        </ExportManifestProperty>
    </ExportManifestEntity>
</ns2:ExportManifest>
